-- ============================
-- USERS (비밀번호: {noop} 접두사 사용)
-- ============================
INSERT INTO users (id, username, password, name, phone, role, created_at, updated_at, deleted_at)
VALUES (1, 'owner01', '{noop}P@ssword123!', '오너홍', '010-1000-0001', 'OWNER', CURRENT_TIMESTAMP, CURRENT_TIMESTAMP,
        NULL),
       (2, 'owner02', '{noop}SeCur3#456!', '오너김', '010-1000-0002', 'OWNER', CURRENT_TIMESTAMP, CURRENT_TIMESTAMP, NULL),
       (3, 'manager1', '{noop}Manag3r$789', '매니저이', '010-2000-0001', 'MANAGER', CURRENT_TIMESTAMP, CURRENT_TIMESTAMP,
        NULL),
       (4, 'master1', '{noop}MastEr#001!', '마스터박', '010-3000-0001', 'MASTER', CURRENT_TIMESTAMP, CURRENT_TIMESTAMP,
        NULL),
       (5, 'cust01', '{noop}CusT@mer321!', '고객최', '010-4000-0001', 'CUSTOMER', CURRENT_TIMESTAMP, CURRENT_TIMESTAMP,
        NULL);

-- ============================
-- RESTAURANTS (10개, user_id 1·2 섞음)
-- ============================
INSERT INTO p_restaurant
(restaurant_id, name, phone, address, longitude, latitude, description, status, user_id,
 star_avg, reviews_count, created_at, updated_at, deleted_at)
VALUES ('RES-001', '강남 한식당', '02-111-0001', '서울 강남구 테헤란로 1', 127.0280, 37.4979,
        '집밥 같은 한식', 'OPEN', 1, 4.5, 128,
        TIMESTAMP '2025-10-01 12:00:00', TIMESTAMP '2025-10-01 12:00:00', NULL),

       ('RES-002', '차이나 타운', '02-222-0002', '서울 중구 청계천로 2', 126.9865, 37.5697,
        '정통 중식 전문점', 'OPEN', 2, 4.2, 89,
        TIMESTAMP '2025-10-03 12:00:00', TIMESTAMP '2025-10-03 12:00:00', NULL),

       ('RES-003', '스시 사쿠라', '02-333-0003', '서울 마포구 양화로 3', 126.9237, 37.5563,
        '오마카세 전문 초밥집', 'CLOSED', 1, 4.9, 210,
        TIMESTAMP '2025-10-05 12:00:00', TIMESTAMP '2025-10-05 12:00:00', NULL),

       ('RES-004', '홍대 푸드트럭', '02-444-0004', '서울 마포구 와우산로 4', 126.9230, 37.5500,
        '핫한 길거리 음식', 'OPEN', 2, 3.8, 42,
        TIMESTAMP '2025-10-07 12:00:00', TIMESTAMP '2025-10-07 12:00:00', NULL),

       ('RES-005', '이태원 비스트로', '02-555-0005', '서울 용산구 이태원로 5', 126.9945, 37.5345,
        '캐주얼 양식 전문점', 'SHUTDOWN', 1, 4.0, 17,
        TIMESTAMP '2025-10-09 12:00:00', TIMESTAMP '2025-10-09 12:00:00', TIMESTAMP '2025-10-10 09:00:00'),

       ('RES-006', '부산 해물포차', '051-666-0006', '부산 해운대구 달맞이길 6', 129.1630, 35.1580,
        '신선한 해산물 전문', 'OPEN', 2, 4.6, 73,
        TIMESTAMP '2025-10-11 12:00:00', TIMESTAMP '2025-10-11 12:00:00', NULL),

       ('RES-007', '대구 불고기집', '053-777-0007', '대구 중구 동성로 7', 128.6010, 35.8690,
        '지역 대표 불고기 맛집', 'OPEN', 1, 4.3, 58,
        TIMESTAMP '2025-10-13 12:00:00', TIMESTAMP '2025-10-13 12:00:00', NULL),

       ('RES-008', '광주 초밥집', '062-888-0008', '광주 서구 상무대로 8', 126.8530, 35.1600,
        '가성비 초밥 세트', 'CLOSED', 2, 3.9, 33,
        TIMESTAMP '2025-10-14 12:00:00', TIMESTAMP '2025-10-14 12:00:00', NULL),

       ('RES-009', '제주 흑돼지집', '064-999-0009', '제주 제주시 애월읍 9', 126.3870, 33.4870,
        '현지인도 찾는 맛집', 'OPEN', 1, 4.8, 147,
        TIMESTAMP '2025-10-15 12:00:00', TIMESTAMP '2025-10-15 12:00:00', NULL),

       ('RES-010', '인천 피자하우스', '032-000-0010', '인천 남동구 인하로 10', 126.7050, 37.4470,
        '정통 이탈리안 피자', 'OPEN', 2, 4.4, 65,
        TIMESTAMP '2025-10-16 12:00:00', TIMESTAMP '2025-10-16 12:00:00', NULL);

-- ============================
-- RESTAURANT CATEGORIES
-- ============================
INSERT INTO restaurant_category (restaurant_id, category)
VALUES ('RES-001', 'KOREAN_FOOD'),
       ('RES-001', 'ASIAN_FOOD'),
       ('RES-002', 'CHINESE_FOOD'),
       ('RES-003', 'JAPANESE_FOOD'),
       ('RES-004', 'STREET_FOOD'),
       ('RES-005', 'WESTERN_FOOD'),
       ('RES-006', 'ASIAN_FOOD'),
       ('RES-007', 'KOREAN_FOOD'),
       ('RES-008', 'JAPANESE_FOOD'),
       ('RES-009', 'KOREAN_FOOD'),
       ('RES-010', 'WESTERN_FOOD');

-- ============================
-- MENUS
-- ============================
INSERT INTO p_menu (menu_id, restaurant_id, name, price, status, description)
VALUES ('11111111-1111-1111-1111-111111111111', 'RES-001', '된장찌개 정식', 9000, 'SELLING', '국내산 재료 사용'),
       ('11111111-1111-1111-1111-111111111112', 'RES-001', '김치찌개 정식', 9500, 'SELLING', '매콤한 김치찌개'),

       ('22222222-2222-2222-2222-222222222221', 'RES-002', '짜장면', 7000, 'SELLING', '수타면 사용'),
       ('22222222-2222-2222-2222-222222222222', 'RES-002', '짬뽕', 8000, 'SELLING', '해물 듬뿍'),

       ('33333333-3333-3333-3333-333333333331', 'RES-003', '특선 사시미', 35000, 'SELLING', '신선한 어획'),
       ('33333333-3333-3333-3333-333333333332', 'RES-003', '오마카세 런치', 55000, 'SELLING', '예약 필수'),

       ('44444444-4444-4444-4444-444444444441', 'RES-004', '치즈 핫도그', 4000, 'SELLING', '겉바속촉'),
       ('44444444-4444-4444-4444-444444444442', 'RES-004', '떡볶이', 5000, 'SELLING', '매운맛 조절 가능'),

       ('55555555-5555-5555-5555-555555555551', 'RES-005', '비프 스테이크', 32000, 'HIDED', '영업 종료'),

       ('66666666-6666-6666-6666-666666666661', 'RES-006', '해물탕', 25000, 'SELLING', '신선한 해산물 가득'),
       ('66666666-6666-6666-6666-666666666662', 'RES-006', '조개찜', 28000, 'SELLING', '인기 메뉴'),

       ('77777777-7777-7777-7777-777777777771', 'RES-007', '불고기 정식', 12000, 'SELLING', '전통 양념 사용'),

       ('88888888-8888-8888-8888-888888888881', 'RES-008', '초밥 세트', 15000, 'SELLING', '가성비 좋음'),

       ('99999999-9999-9999-9999-999999999991', 'RES-009', '흑돼지 삼겹살', 18000, 'SELLING', '제주산 흑돼지'),

       ('10101010-1010-1010-1010-101010101011', 'RES-010', '마르게리타 피자', 16000, 'SELLING', '이탈리안 정통 레시피'),
       ('10101010-1010-1010-1010-101010101012', 'RES-010', '고르곤졸라 피자', 17000, 'SELLING', '달콤한 꿀 추가');
